app_name,category,appstore_link_url,img_src_url,star_rating,num_ratings
Groupon,Shopping,https://apps.apple.com/gb/app/groupon/id352683833?uo=4&v0=WWW-EUUK-ITSTOP100-FREEAPPS&l=en,/autopush/uk/itunes/charts/free-apps/images/2019/9/5ff9da275a85cd6dec3fdda61254e8173f977d1214d26595664336753f02617e.jpg,4.7,28.4K Ratings
"Shpock: Sell, Buy, Classifieds",Shopping,https://apps.apple.com/gb/app/shpock-sell-buy-classifieds/id557153158?uo=4&v0=WWW-EUUK-ITSTOP100-FREEAPPS&l=en,/autopush/uk/itunes/charts/free-apps/images/2019/9/90df689b53278d7313da56131169bd92d2a3da01dc005cf00f2d337756f0aa6f.jpg,4.6,56K Ratings
Vova,Shopping,https://apps.apple.com/gb/app/vova/id1358582620?uo=4&v0=WWW-EUUK-ITSTOP100-FREEAPPS&l=en,/autopush/uk/itunes/charts/free-apps/images/2019/9/353aa459b395a5d61c6e5ec621031e24c014eb18a6301a439dda9f2fbabac2f7.jpg,4.5,20.4K Ratings
First Bus – Travel Made Easy,Travel,https://apps.apple.com/gb/app/first-bus-travel-made-easy/id566586379?uo=4&v0=WWW-EUUK-ITSTOP100-FREEAPPS&l=en,/autopush/uk/itunes/charts/free-apps/images/2019/9/bf41cdd95257aca38a0be7af1d67a1887488954016285e20c517f1867fdddc5e.jpg,4.6,23.4K Ratings
Sticky Block,Games,https://apps.apple.com/gb/app/sticky-block/id1465856936?uo=4&v0=WWW-EUUK-ITSTOP100-FREEAPPS&l=en,/autopush/uk/itunes/charts/free-apps/images/2019/9/be9208304a074d30ae471d84bc7b212db29673b02273ae2be88fe068820e2c9e.jpg,4.5,5.7K Ratings
Square Bird.,Games,https://apps.apple.com/gb/app/square-bird/id1435729435?uo=4&v0=WWW-EUUK-ITSTOP100-FREEAPPS&l=en,/autopush/uk/itunes/charts/free-apps/images/2019/9/7254132deba25290bc9216f1b5cc33485bd0372292bd8b84644b4640b6a042a0.jpg,4.6,867 Ratings
Archery Go - Bow&Arrow King,Games,https://apps.apple.com/gb/app/archery-go-bow-arrow-king/id1455330046?uo=4&v0=WWW-EUUK-ITSTOP100-FREEAPPS&l=en,/autopush/uk/itunes/charts/free-apps/images/2019/9/c8ccfc7ffcab30015a7f9911d602746ef7b352f082ed38ead4938ca041734a11.jpg,4.5,10.5K Ratings
Word Villas-A super fun game,Games,https://apps.apple.com/gb/app/word-villas-crossword-design/id1466588301?uo=4&v0=WWW-EUUK-ITSTOP100-FREEAPPS&l=en,/autopush/uk/itunes/charts/free-apps/images/2019/9/c9225cded917e7e6797592f70f2c43dffcc8575e8848f66b4c409b5fb1576abe.jpg,2.7,35 Ratings
Party.io,Games,https://apps.apple.com/gb/app/party-io/id1439785734?uo=4&v0=WWW-EUUK-ITSTOP100-FREEAPPS&l=en,/autopush/uk/itunes/charts/free-apps/images/2019/9/fe53c95b381066fdda347fa637b349b61673d1437f0a5d3368491ac26fba3204.jpg,4.5,15.6K Ratings
Amazon Alexa,Music,https://apps.apple.com/gb/app/amazon-alexa/id944011620?uo=4&v0=WWW-EUUK-ITSTOP100-FREEAPPS&l=en,/autopush/uk/itunes/charts/free-apps/images/2019/9/b4c69a6989270a17fad8d6b01d2a5ca6387466c1f54025a3768d776eac9e2673.jpg,4.5,98.9K Ratings
Neon Splash,Games,https://apps.apple.com/gb/app/neon-splash/id1473007377?uo=4&v0=WWW-EUUK-ITSTOP100-FREEAPPS&l=en,/autopush/uk/itunes/charts/free-apps/images/2019/9/5cd99e05ac340cf491aa93a55a39571209af0f66d6cc07d0215be74713007227.jpg,4.6,1.7K Ratings
AliExpress Shopping App,Shopping,https://apps.apple.com/gb/app/aliexpress-shopping-app/id436672029?uo=4&v0=WWW-EUUK-ITSTOP100-FREEAPPS&l=en,/autopush/uk/itunes/charts/free-apps/images/2019/9/a79706c8b537bb510c85ad11ae246df5455d2b32ee6518a4780042dc7151a886.jpg,4.7,13.5K Ratings
Touch the wall,Games,https://apps.apple.com/gb/app/touch-the-wall/id1464879969?uo=4&v0=WWW-EUUK-ITSTOP100-FREEAPPS&l=en,/autopush/uk/itunes/charts/free-apps/images/2019/9/67a6a83f3a776d5e6b29f1863b3892373fec2c2aba159a74458fd5d89fdf582c.jpg,4.5,9K Ratings
Shazam,Music,https://apps.apple.com/gb/app/shazam/id284993459?uo=4&v0=WWW-EUUK-ITSTOP100-FREEAPPS&l=en,/autopush/uk/itunes/charts/free-apps/images/2019/9/3c3bc99866aa9921f325e8b4a7c5bc1f28fa028e6b9bc1112941c9410c878d21.jpg,4.9,697.6K Ratings
MyFitnessPal,Health & Fitness,https://apps.apple.com/gb/app/myfitnesspal/id341232718?uo=4&v0=WWW-EUUK-ITSTOP100-FREEAPPS&l=en,/autopush/uk/itunes/charts/free-apps/images/2019/9/94408023db086c15960fec23c55250a29b3b9c27506383bcba29f5b1310cd28e.jpg,4.7,154.4K Ratings
Picker 3D,Games,https://apps.apple.com/gb/app/picker-3d/id1462317543?uo=4&v0=WWW-EUUK-ITSTOP100-FREEAPPS&l=en,/autopush/uk/itunes/charts/free-apps/images/2019/9/87723b47b6115fbd0b88d6d0e4b7ba2e6ddfa3e4e4498f06a50c1a1a82c228fd.jpg,4.4,2K Ratings
Animal house : with Puzzles,Games,https://apps.apple.com/gb/app/animal-house-with-puzzles/id1439762226?uo=4&v0=WWW-EUUK-ITSTOP100-FREEAPPS&l=en,/autopush/uk/itunes/charts/free-apps/images/2019/9/5b1bcdf093695f770fb5316f19e8c355404fa93b688f75e760aac225279bbd81.jpg,4.7,472 Ratings
Origame,Games,https://apps.apple.com/gb/app/origame/id1470395927?uo=4&v0=WWW-EUUK-ITSTOP100-FREEAPPS&l=en,/autopush/uk/itunes/charts/free-apps/images/2019/9/0e47fd4b1c5b0d4fbe0561a30828003d352d3026e50fb24beb6181494ca6ca9b.jpg,4.6,9.6K Ratings
Ryanair,Travel,https://apps.apple.com/gb/app/ryanair/id504270602?uo=4&v0=WWW-EUUK-ITSTOP100-FREEAPPS&l=en,/autopush/uk/itunes/charts/free-apps/images/2019/9/1fc6f2a5aa249a6fd2b1be4b5a3980cd1b5ba45ae2f9a0d50231f2ee5329518d.jpg,4.4,207.1K Ratings
Magic Tiles Piano and Vocal,Games,https://apps.apple.com/gb/app/magic-tiles-piano-and-vocal/id1459499463?uo=4&v0=WWW-EUUK-ITSTOP100-FREEAPPS&l=en,/autopush/uk/itunes/charts/free-apps/images/2019/9/6229963d9ee4af4b6927c77064f5691a0fda73ba68a1a4441d8464918ba40865.jpg,3.6,295 Ratings
Waze Navigation & Live Traffic,Navigation,https://apps.apple.com/gb/app/waze-navigation-live-traffic/id323229106?uo=4&v0=WWW-EUUK-ITSTOP100-FREEAPPS&l=en,/autopush/uk/itunes/charts/free-apps/images/2019/9/4ac5049fc48d5c826c66083cddab2cb7fd82bd7bac3061b1d57b50fa0f4f72f4.jpg,4.3,10.6K Ratings
Roblox,Games,https://apps.apple.com/gb/app/roblox/id431946152?uo=4&v0=WWW-EUUK-ITSTOP100-FREEAPPS&l=en,/autopush/uk/itunes/charts/free-apps/images/2019/9/9dffb76e1a462ed5e77d052b70383e844368fe09a9385cfed2f354bb809780bf.jpg,4.6,235.5K Ratings
Duolingo,Education,https://apps.apple.com/gb/app/duolingo/id570060128?uo=4&v0=WWW-EUUK-ITSTOP100-FREEAPPS&l=en,/autopush/uk/itunes/charts/free-apps/images/2019/9/4663b465be16e8aaff9a5a7fc6ea6f9d9e02355da3f12cf50d594c08cd05c3f4.jpg,4.7,118.7K Ratings
Purple Diver,Games,https://apps.apple.com/gb/app/purple-diver/id1453402726?uo=4&v0=WWW-EUUK-ITSTOP100-FREEAPPS&l=en,/autopush/uk/itunes/charts/free-apps/images/2019/9/0536848a338d49f6061e2f166287fcd643efad1d9571645804ee261fa126994b.jpg,4.4,19.8K Ratings
Fatsoma - Discover Events,Entertainment,https://apps.apple.com/gb/app/fatsoma-discover-events/id567477938?uo=4&v0=WWW-EUUK-ITSTOP100-FREEAPPS&l=en,/autopush/uk/itunes/charts/free-apps/images/2019/9/1ca7424b8de192c2c01445c939f7608045e16c5f6d6bf8954956df86afa5176e.jpg,4.8,24.1K Ratings
Indeed Job Search,Business,https://apps.apple.com/gb/app/indeed-job-search/id309735670?uo=4&v0=WWW-EUUK-ITSTOP100-FREEAPPS&l=en,/autopush/uk/itunes/charts/free-apps/images/2019/9/b5e80e470cd79fde107ddedc9085aef81620e402a82f58bdf7d9d8edf5c98134.jpg,4.5,48.5K Ratings
Kick the Buddy: Forever,Games,https://apps.apple.com/gb/app/kick-the-buddy-forever/id1435346021?uo=4&v0=WWW-EUUK-ITSTOP100-FREEAPPS&l=en,/autopush/uk/itunes/charts/free-apps/images/2019/9/eb1640eb52253d59fef2bb49d8fa61e2b5339202b8e5155abe0bb5587148f60e.jpg,4.6,22K Ratings
Calm - Meditation and Sleep,Health & Fitness,https://apps.apple.com/gb/app/calm-meditation-and-sleep/id571800810?uo=4&v0=WWW-EUUK-ITSTOP100-FREEAPPS&l=en,/autopush/uk/itunes/charts/free-apps/images/2019/9/7c3f0b0b3982500c19622e92f73d0e06a50b64f9002da41b149b94fd3818bbfd.jpg,4.7,96.4K Ratings
Doodle Blast!!!,Games,https://apps.apple.com/gb/app/doodle-blast/id1460560326?uo=4&v0=WWW-EUUK-ITSTOP100-FREEAPPS&l=en,/autopush/uk/itunes/charts/free-apps/images/2019/9/258f3dab5ec0c534bd8921fdbe80c92ef1ee2f1a99c36e0c0ac16f49c87662b0.jpg,4.8,49 Ratings
Clean Up 3D,Games,https://apps.apple.com/gb/app/clean-up-3d/id1465580173?uo=4&v0=WWW-EUUK-ITSTOP100-FREEAPPS&l=en,/autopush/uk/itunes/charts/free-apps/images/2019/9/8df85559fc2defdc973b3265a69c0f0496a1447686d461615b4d4d30d4e56ec6.jpg,4.5,2.2K Ratings
Mr Bullet - Spy Puzzles,Games,https://apps.apple.com/gb/app/mr-bullet-spy-puzzles/id1449014713?uo=4&v0=WWW-EUUK-ITSTOP100-FREEAPPS&l=en,/autopush/uk/itunes/charts/free-apps/images/2019/9/f7c53748813485ea6f97168bda852d65c12eb7562c1ee24c6c1286414e9b958c.jpg,4.6,11.5K Ratings
Microsoft Teams,Business,https://apps.apple.com/gb/app/microsoft-teams/id1113153706?uo=4&v0=WWW-EUUK-ITSTOP100-FREEAPPS&l=en,/autopush/uk/itunes/charts/free-apps/images/2019/9/0fa5c28dfc2278362a64d6486c49cf39d51a3087d402adacd6b8672db3068008.jpg,4.7,34.2K Ratings
Gumtree: Find Deals Near You,Shopping,https://apps.apple.com/gb/app/gumtree-find-deals-near-you/id487946174?uo=4&v0=WWW-EUUK-ITSTOP100-FREEAPPS&l=en,/autopush/uk/itunes/charts/free-apps/images/2019/9/7d0a757845a51a7e5e4d156d48a935c5e17c6f17331e4d580f84fa1303e7155a.jpg,4.7,290.2K Ratings
My McDonald’s freshly prepared,Food & Drink,https://apps.apple.com/gb/app/my-mcdonalds-freshly-prepared/id1082476620?uo=4&v0=WWW-EUUK-ITSTOP100-FREEAPPS&l=en,/autopush/uk/itunes/charts/free-apps/images/2019/9/699211edc92dd777d27fc2d04d8161b33390ef8ed8b04e73693b7c53f7e2288d.jpg,4.3,8.1K Ratings
"Avatar Keyboard-Themes, Emojis",Utilities,https://apps.apple.com/gb/app/avatar-keyboard-themes-emojis/id1454513174?uo=4&v0=WWW-EUUK-ITSTOP100-FREEAPPS&l=en,/autopush/uk/itunes/charts/free-apps/images/2019/9/acc1052dbbc3803c27e05b222d4ac87c9916eeece0347aa92e9830a1c370c1e4.jpg,4.3,5K Ratings
Polysphere,Games,https://apps.apple.com/gb/app/polysphere/id1440756080?uo=4&v0=WWW-EUUK-ITSTOP100-FREEAPPS&l=en,/autopush/uk/itunes/charts/free-apps/images/2019/9/527053dfe5a431ca2f13ef4882cf68cfa439870c5d242c8f8ed1d37ec278fd7b.jpg,4.5,35.6K Ratings
"Google Docs: Sync, Edit, Share",Productivity,https://apps.apple.com/gb/app/google-docs-sync-edit-share/id842842640?uo=4&v0=WWW-EUUK-ITSTOP100-FREEAPPS&l=en,/autopush/uk/itunes/charts/free-apps/images/2019/9/a43cfb3a772d1818039ddec529aa1d21328912844dcd3c14920a614303172766.jpg,4.7,58.6K Ratings
Google Photos,Photo & Video,https://apps.apple.com/gb/app/google-photos/id962194608?uo=4&v0=WWW-EUUK-ITSTOP100-FREEAPPS&l=en,/autopush/uk/itunes/charts/free-apps/images/2019/9/d5f36cd94b34eaa2b8e0cbe42fb741f351568c94355b0b019538ee7d17e710b7.jpg,4.7,20K Ratings
Booking.com Travel Deals,Travel,https://apps.apple.com/gb/app/booking-com-travel-deals/id367003839?uo=4&v0=WWW-EUUK-ITSTOP100-FREEAPPS&l=en,/autopush/uk/itunes/charts/free-apps/images/2019/9/dee7cc02ac41d1385eac1f6c4bc126fb90286a917916ed9bc981d31e6c1dc108.jpg,4.8,540.8K Ratings
Dumb Ways To Draw,Games,https://apps.apple.com/gb/app/dumb-ways-to-draw/id1454581348?uo=4&v0=WWW-EUUK-ITSTOP100-FREEAPPS&l=en,/autopush/uk/itunes/charts/free-apps/images/2019/9/2e4a453be8cba92eef7100ec7737212c93d810c9819ee4c8e7a53d7a9139ab4e.jpg,4.6,1.4K Ratings
8 Ball Pool™,Games,https://apps.apple.com/gb/app/8-ball-pool/id543186831?uo=4&v0=WWW-EUUK-ITSTOP100-FREEAPPS&l=en,/autopush/uk/itunes/charts/free-apps/images/2019/9/02a635632068c6de73bad8169fe1266565ab2a13c4e2116f3f3f3296821f8ae2.jpg,4.7,297K Ratings
Let Me Out - Addictive Puzzle,Games,https://apps.apple.com/gb/app/let-me-out-addictive-puzzle/id1440451402?uo=4&v0=WWW-EUUK-ITSTOP100-FREEAPPS&l=en,/autopush/uk/itunes/charts/free-apps/images/2019/9/c567be7f96cc6d3758e269098d9d09541131b7425ec2d1640324c240a564a270.jpg,4.6,13.3K Ratings
Norton Secure VPN - Proxy VPN,Productivity,https://apps.apple.com/gb/app/norton-secure-vpn-proxy-vpn/id1095519285?uo=4&v0=WWW-EUUK-ITSTOP100-FREEAPPS&l=en,/autopush/uk/itunes/charts/free-apps/images/2019/9/58e3e965925671281417d8ef580cb5a30a435ece09ee2fbfe7541f30b01cd179.jpg,3.7,1.1K Ratings
Google Drive – online backup,Productivity,https://apps.apple.com/gb/app/google-drive-online-backup/id507874739?uo=4&v0=WWW-EUUK-ITSTOP100-FREEAPPS&l=en,/autopush/uk/itunes/charts/free-apps/images/2019/9/52a4238bee10dccb6582ce56657929617e8ac3dcd3ce87063daeeb5c2f126e08.jpg,4.7,237.2K Ratings
Magic Tiles 3: Piano Game,Games,https://apps.apple.com/gb/app/magic-tiles-3-piano-game/id1443446174?uo=4&v0=WWW-EUUK-ITSTOP100-FREEAPPS&l=en,/autopush/uk/itunes/charts/free-apps/images/2019/9/3a9916ea52a103cee874855542968f59010d52e74a04c45cee8fb50f642b9c0f.jpg,3.8,2.2K Ratings
SoundCloud - Music & Audio,Music,https://apps.apple.com/gb/app/soundcloud-music-audio/id336353151?uo=4&v0=WWW-EUUK-ITSTOP100-FREEAPPS&l=en,/autopush/uk/itunes/charts/free-apps/images/2019/9/143cbdc9c72da5c0130ce91cf2df8c43ecdd3dee62a6b566e4483a795684e3c1.jpg,4.4,10.3K Ratings
Dig it!,Games,https://apps.apple.com/gb/app/dig-it/id1453411110?uo=4&v0=WWW-EUUK-ITSTOP100-FREEAPPS&l=en,/autopush/uk/itunes/charts/free-apps/images/2019/9/ab31b76cf5e3c0e80b825b75dc10f16b6bb601fac2a7e0ad8178e2ae43ee710b.jpg,4.6,25.1K Ratings
Perfect Paint,Games,https://apps.apple.com/gb/app/perfect-paint/id1475655474?uo=4&v0=WWW-EUUK-ITSTOP100-FREEAPPS&l=en,/autopush/uk/itunes/charts/free-apps/images/2019/9/abd7c14a200b7ff8407a7ea8d567a25a7b3388d5122f58bf357f32ba620e7f3d.jpg,4.4,1.6K Ratings
Color Fill 3D,Games,https://apps.apple.com/gb/app/color-fill-3d/id1473024868?uo=4&v0=WWW-EUUK-ITSTOP100-FREEAPPS&l=en,/autopush/uk/itunes/charts/free-apps/images/2019/9/dcc8f5086a03884fe01617fe3054fa51dfa75a37a526df9b7180c29dd8925acf.jpg,4.5,6.1K Ratings
SaraMart,Shopping,https://apps.apple.com/gb/app/saramart/id1399907836?uo=4&v0=WWW-EUUK-ITSTOP100-FREEAPPS&l=en,/autopush/uk/itunes/charts/free-apps/images/2019/9/71444553a7267c08ed91df1100e03916daa97b071471d85265d1d21a293d972f.jpg,2.8,127 Ratings
Perfect Slices,Games,https://apps.apple.com/gb/app/perfect-slices/id1475972538?uo=4&v0=WWW-EUUK-ITSTOP100-FREEAPPS&l=en,/autopush/uk/itunes/charts/free-apps/images/2019/9/f47677f36016e34295e2c131ff549a833294e172dd29a9263681ead6bf254a69.jpg,4.6,6.2K Ratings
Bolt,Travel,https://apps.apple.com/gb/app/bolt/id675033630?uo=4&v0=WWW-EUUK-ITSTOP100-FREEAPPS&l=en,/autopush/uk/itunes/charts/free-apps/images/2019/9/82970d97f9abf2ffc360c7449329bdb12150b1bedbf78f3e1fd97d798bd649a1.jpg,4.9,31.2K Ratings
Amazon Prime Video,Entertainment,https://apps.apple.com/gb/app/amazon-prime-video/id545519333?uo=4&v0=WWW-EUUK-ITSTOP100-FREEAPPS&l=en,/autopush/uk/itunes/charts/free-apps/images/2019/9/0e93ee4ebf335fceca031a45a3c7f36d46105b417e75986f37027666dfad7248.jpg,4.7,119.1K Ratings
Idle Evil Clicker,Games,https://apps.apple.com/gb/app/idle-evil-clicker/id1350465370?uo=4&v0=WWW-EUUK-ITSTOP100-FREEAPPS&l=en,/autopush/uk/itunes/charts/free-apps/images/2019/9/55ff3d89fe5c422f41bd0c7c48c15caf38734ef36bc34c997b0f110a56db85b1.jpg,4.3,485 Ratings
Depop - Buy and sell fashion,Shopping,https://apps.apple.com/gb/app/depop-buy-and-sell-fashion/id518684914?uo=4&v0=WWW-EUUK-ITSTOP100-FREEAPPS&l=en,/autopush/uk/itunes/charts/free-apps/images/2019/9/fa34943a0c69759be734e84f82c64bca1509506fb84cefffab84b09bb86343bf.jpg,4.8,159.7K Ratings
Pinterest: Lifestyle Ideas,Social Networking,https://apps.apple.com/gb/app/pinterest-lifestyle-ideas/id429047995?uo=4&v0=WWW-EUUK-ITSTOP100-FREEAPPS&l=en,/autopush/uk/itunes/charts/free-apps/images/2019/9/f22e95e194ec787ed788604d7cd13b5fc15b7574072debb632abee347efa3555.jpg,4.8,305.3K Ratings
FreePrints - Photos Delivered,Photo & Video,https://apps.apple.com/gb/app/freeprints-photos-delivered/id771946428?uo=4&v0=WWW-EUUK-ITSTOP100-FREEAPPS&l=en,/autopush/uk/itunes/charts/free-apps/images/2019/9/5ec460eb0e42eda7f96219d9fc1f09c8804cd1148b60e57ada3379264c24ebf5.jpg,4.8,328.2K Ratings
Monzo Bank,Finance,https://apps.apple.com/gb/app/monzo-bank/id1052238659?uo=4&v0=WWW-EUUK-ITSTOP100-FREEAPPS&l=en,/autopush/uk/itunes/charts/free-apps/images/2019/9/bb714283abb549c8bec57268927f51a6c2f6a496ff0f2fdda52399b0d9dc3b5b.jpg,4.6,9.5K Ratings
Google Classroom,Education,https://apps.apple.com/gb/app/google-classroom/id924620788?uo=4&v0=WWW-EUUK-ITSTOP100-FREEAPPS&l=en,/autopush/uk/itunes/charts/free-apps/images/2019/9/76e1d061c3deaf2f5b10235f9729e28c2c1187e0ce1c20084af6eee7fd360b3c.jpg,4.5,6.7K Ratings
SHEIN-Fashion Shopping Online,Shopping,https://apps.apple.com/gb/app/shein-fashion-shopping-online/id878577184?uo=4&v0=WWW-EUUK-ITSTOP100-FREEAPPS&l=en,/autopush/uk/itunes/charts/free-apps/images/2019/9/bfa5ba61b864cec8ff9b67c920a13776cc7e3b3f20cebe5490ad1bc8724be3a2.jpg,4.4,8.6K Ratings
PayPal,Finance,https://apps.apple.com/gb/app/paypal/id283646709?uo=4&v0=WWW-EUUK-ITSTOP100-FREEAPPS&l=en,/autopush/uk/itunes/charts/free-apps/images/2019/9/8dc3a4550cabe4c2aff58c07e180241a63f8747c0617ec16de609c7171f6bd39.jpg,4.8,343K Ratings
aquapark.io,Games,https://apps.apple.com/gb/app/aquapark-io/id1453989822?uo=4&v0=WWW-EUUK-ITSTOP100-FREEAPPS&l=en,/autopush/uk/itunes/charts/free-apps/images/2019/9/852a44d99505b3205c4052544a17061cb3cf09ef9a61cde8b60da08d4b105ca1.jpg,4.6,101.5K Ratings
i Peel Good,Games,https://apps.apple.com/gb/app/i-peel-good/id1471374791?uo=4&v0=WWW-EUUK-ITSTOP100-FREEAPPS&l=en,/autopush/uk/itunes/charts/free-apps/images/2019/9/d4752def8764e8f9deb05da1123c45f4ee3668334654fb013682faef3a046fc4.jpg,3.3,56 Ratings
Microsoft Word,Productivity,https://apps.apple.com/gb/app/microsoft-word/id586447913?uo=4&v0=WWW-EUUK-ITSTOP100-FREEAPPS&l=en,/autopush/uk/itunes/charts/free-apps/images/2019/9/e3b19c9b8894f8f5563aafe0d7fdd173e3e462c313ebcb53bb3c0e410f8836e0.jpg,4.6,145.6K Ratings
"eBay: Buy, sell and save money",Shopping,https://apps.apple.com/gb/app/ebay-buy-sell-and-save-money/id282614216?uo=4&v0=WWW-EUUK-ITSTOP100-FREEAPPS&l=en,/autopush/uk/itunes/charts/free-apps/images/2019/9/f0201aa63b99fe3e94d179452dac0c9414eaaed9ca397bf1bfa35a340fb53be1.jpg,4.7,845.6K Ratings
Jelly Shift,Games,https://apps.apple.com/gb/app/jelly-shift/id1467252438?uo=4&v0=WWW-EUUK-ITSTOP100-FREEAPPS&l=en,/autopush/uk/itunes/charts/free-apps/images/2019/9/afe5695d86078f7b2e90db22edd686926afc887e409d7d8e1edb6fb29e472e74.jpg,4.6,26.4K Ratings
UNiDAYS: Student Discounts,Shopping,https://apps.apple.com/gb/app/unidays-student-discounts/id599608562?uo=4&v0=WWW-EUUK-ITSTOP100-FREEAPPS&l=en,/autopush/uk/itunes/charts/free-apps/images/2019/9/7e5bbf06b7bd3779800c2a4d670bbc9d388bcba97e05a07dca190b4e3b3f54a8.jpg,4.8,201.3K Ratings
Trainline: Book Train Tickets,Travel,https://apps.apple.com/gb/app/trainline-book-train-tickets/id334235181?uo=4&v0=WWW-EUUK-ITSTOP100-FREEAPPS&l=en,/autopush/uk/itunes/charts/free-apps/images/2019/9/2e10a323ad7147b421966d17b19e50e163159bcc68b2d973c977330ab4b7ac63.jpg,4.6,18.7K Ratings
Just Eat - Food Delivery,Food & Drink,https://apps.apple.com/gb/app/just-eat-food-delivery/id566347057?uo=4&v0=WWW-EUUK-ITSTOP100-FREEAPPS&l=en,/autopush/uk/itunes/charts/free-apps/images/2019/9/b6a33eb49bedafb08e6d2680586fc45be882319506d6f2d30f9dd7dba4e394c6.jpg,4.7,523.5K Ratings
Amazon,Shopping,https://apps.apple.com/gb/app/amazon/id335187483?uo=4&v0=WWW-EUUK-ITSTOP100-FREEAPPS&l=en,/autopush/uk/itunes/charts/free-apps/images/2019/9/55566e9ed32f9d0db36637775a44f2a8a5ee0a7940cf166e2382cc00a83568bf.jpg,3.0,11.3K Ratings
Fun Race 3D,Games,https://apps.apple.com/gb/app/fun-race-3d/id1462556579?uo=4&v0=WWW-EUUK-ITSTOP100-FREEAPPS&l=en,/autopush/uk/itunes/charts/free-apps/images/2019/9/49548c76a3060322f71a5545fa16801ead9d7bcf5e9858bf120544bf47c06de1.jpg,4.5,46.6K Ratings
Deliveroo: Food delivery,Food & Drink,https://apps.apple.com/gb/app/deliveroo-food-delivery/id1001501844?uo=4&v0=WWW-EUUK-ITSTOP100-FREEAPPS&l=en,/autopush/uk/itunes/charts/free-apps/images/2019/9/ba7db9646851a98884d2570a124a6584c7966d019e3300f70ad8d1307bdae3a0.jpg,4.6,328.6K Ratings
BBC Sounds,Music,https://apps.apple.com/gb/app/bbc-sounds/id1380676511?uo=4&v0=WWW-EUUK-ITSTOP100-FREEAPPS&l=en,/autopush/uk/itunes/charts/free-apps/images/2019/9/7f697313c85419ffc88af9a5bee28fdd33c79801a3ecbcddf000cf8e312b97cd.jpg,4.1,4.3K Ratings
Uphill Run,Games,https://apps.apple.com/gb/app/uphill-run/id1462705399?uo=4&v0=WWW-EUUK-ITSTOP100-FREEAPPS&l=en,/autopush/uk/itunes/charts/free-apps/images/2019/9/328915cf35f46a350ea09eff293605eaaee2c79fe59a71655457b94fc5087b6d.jpg,4.7,947 Ratings
Uber,Travel,https://apps.apple.com/gb/app/uber/id368677368?uo=4&v0=WWW-EUUK-ITSTOP100-FREEAPPS&l=en,/autopush/uk/itunes/charts/free-apps/images/2019/9/e684761c3e092dc1b28c4f817c7ce1c0a4dcfbcc9b2f0511fd69533a0e154f0c.jpg,4.6,113.1K Ratings
BBC iPlayer,Entertainment,https://apps.apple.com/gb/app/bbc-iplayer/id416580485?uo=4&v0=WWW-EUUK-ITSTOP100-FREEAPPS&l=en,/autopush/uk/itunes/charts/free-apps/images/2019/9/1e48fddc94779564189b6ee7ae66f07955cb34fc7a626629e30c0a767e7be923.jpg,3.3,8.1K Ratings
Show My Homework,Education,https://apps.apple.com/gb/app/show-my-homework/id908071717?uo=4&v0=WWW-EUUK-ITSTOP100-FREEAPPS&l=en,/autopush/uk/itunes/charts/free-apps/images/2019/9/7dc38992f09c75d25c6af2d55e10ab0de58b0ef169abdf3b2825ccf1c2513963.jpg,3.9,28.7K Ratings
Wish - Shopping Made Fun,Shopping,https://apps.apple.com/gb/app/wish-shopping-made-fun/id530621395?uo=4&v0=WWW-EUUK-ITSTOP100-FREEAPPS&l=en,/autopush/uk/itunes/charts/free-apps/images/2019/9/8f64f59a380ff1eb1a6f4002fbc088d5ff7ac38ade6b692ef638b544e2ea0f5d.jpg,4.6,190.3K Ratings
Gmail - Email by Google,Productivity,https://apps.apple.com/gb/app/gmail-email-by-google/id422689480?uo=4&v0=WWW-EUUK-ITSTOP100-FREEAPPS&l=en,/autopush/uk/itunes/charts/free-apps/images/2019/9/07b7525e4269609e8b33f99b4f9373254951e68647136daa435be81aedb82eb0.jpg,4.1,13.6K Ratings
Dinosaur Rampage,Games,https://apps.apple.com/gb/app/dinosaur-rampage/id1467148530?uo=4&v0=WWW-EUUK-ITSTOP100-FREEAPPS&l=en,/autopush/uk/itunes/charts/free-apps/images/2019/9/025cf5461a1a1f848c5c87496cae69dd11350abc797465310974d0605c17a55b.jpg,4.7,1.8K Ratings
Spotify New Music and Podcasts,Music,https://apps.apple.com/gb/app/spotify-new-music-and-podcasts/id324684580?uo=4&v0=WWW-EUUK-ITSTOP100-FREEAPPS&l=en,/autopush/uk/itunes/charts/free-apps/images/2019/9/25910b4c3b81fec9c966f583f5dc317259681d7c5ab2b2e95bf577c15d1e6ea3.jpg,4.7,1.6M Ratings
Popcorn Burst,Games,https://apps.apple.com/gb/app/popcorn-burst/id1476745742?uo=4&v0=WWW-EUUK-ITSTOP100-FREEAPPS&l=en,/autopush/uk/itunes/charts/free-apps/images/2019/9/fc0c06723fdea18b11eb7698bff1ee31d16f93b48809d3bc33fc534e3f720fae.jpg,4.6,849 Ratings
Facebook,Social Networking,https://apps.apple.com/gb/app/facebook/id284882215?uo=4&v0=WWW-EUUK-ITSTOP100-FREEAPPS&l=en,/autopush/uk/itunes/charts/free-apps/images/2019/9/544ea38d3271db5f6b54e2349a981fde80072a85e6dd5c0ce1563bf9a98a7f3e.jpg,2.6,37.7K Ratings
Messenger,Social Networking,https://apps.apple.com/gb/app/messenger/id454638411?uo=4&v0=WWW-EUUK-ITSTOP100-FREEAPPS&l=en,/autopush/uk/itunes/charts/free-apps/images/2019/9/e20c9a7e31b9dadb673ee180a097c6b4cf92a329ab40a0daa8160d6b5e127050.jpg,4.3,167.3K Ratings
Donald's Empire,Games,https://apps.apple.com/gb/app/donalds-empire/id1457326783?uo=4&v0=WWW-EUUK-ITSTOP100-FREEAPPS&l=en,/autopush/uk/itunes/charts/free-apps/images/2019/9/bd64a61499808a62e529fbcd999bbb14af3995c26367652a67a8b2e6660c041c.jpg,4.6,528 Ratings
Snapchat,Photo & Video,https://apps.apple.com/gb/app/snapchat/id447188370?uo=4&v0=WWW-EUUK-ITSTOP100-FREEAPPS&l=en,/autopush/uk/itunes/charts/free-apps/images/2019/9/fdb47d99930b1a7086c1a1fb81020b9530051345fdda9e66232de865925e6eef.jpg,3.9,25.4K Ratings
Google Maps - Transit & Food,Navigation,https://apps.apple.com/gb/app/google-maps-transit-food/id585027354?uo=4&v0=WWW-EUUK-ITSTOP100-FREEAPPS&l=en,/autopush/uk/itunes/charts/free-apps/images/2019/9/ae32336e5df4a44bb0c95be74f7642247b0d459a783f1af70f71f3bc62381e42.jpg,4.7,349.8K Ratings
Microsoft Outlook,Productivity,https://apps.apple.com/gb/app/microsoft-outlook/id951937596?uo=4&v0=WWW-EUUK-ITSTOP100-FREEAPPS&l=en,/autopush/uk/itunes/charts/free-apps/images/2019/9/d317c99e80b665d9617940b38cabe2d017a8fe28f05bc8fafd0cb5973c3bb6cd.jpg,4.6,342.2K Ratings
Cool Goal!,Games,https://apps.apple.com/gb/app/cool-goal/id1471525758?uo=4&v0=WWW-EUUK-ITSTOP100-FREEAPPS&l=en,/autopush/uk/itunes/charts/free-apps/images/2019/9/44eda508c84bcf59f69e4d008b2f1d3b32cd1bd41121317b5f079de28966efba.jpg,4.7,8.6K Ratings
Netflix,Entertainment,https://apps.apple.com/gb/app/netflix/id363590051?uo=4&v0=WWW-EUUK-ITSTOP100-FREEAPPS&l=en,/autopush/uk/itunes/charts/free-apps/images/2019/9/0022fab2006302a924e6d8028ad6680de8820b011ad4cb312577e7032aa41ad0.jpg,4.0,20.5K Ratings
TikTok - Make Your Day,Entertainment,https://apps.apple.com/gb/app/tiktok-make-your-day/id835599320?uo=4&v0=WWW-EUUK-ITSTOP100-FREEAPPS&l=en,/autopush/uk/itunes/charts/free-apps/images/2019/9/780ea27e5d88d085b27f9801ec2b807cfb51e0f9c88d9e4b6513d5d0ba83b1e3.jpg,4.7,308.7K Ratings
Instagram,Photo & Video,https://apps.apple.com/gb/app/instagram/id389801252?uo=4&v0=WWW-EUUK-ITSTOP100-FREEAPPS&l=en,/autopush/uk/itunes/charts/free-apps/images/2019/9/bc915da5a3d45d754ca35f6167e93670cd8cf83b6e035053e2d1f91d75bc8bbe.jpg,4.7,2.1M Ratings
Granny: Chapter Two,Games,https://apps.apple.com/gb/app/granny-chapter-two/id1479175321?uo=4&v0=WWW-EUUK-ITSTOP100-FREEAPPS&l=en,/autopush/uk/itunes/charts/free-apps/images/2019/9/7a46fd301f865f90e4bf46ce1d0d98cd0201465ae034249d820a6c1108a35693.jpg,4.5,300 Ratings
Crazy Kick!,Games,https://apps.apple.com/gb/app/crazy-kick/id1469889140?uo=4&v0=WWW-EUUK-ITSTOP100-FREEAPPS&l=en,/autopush/uk/itunes/charts/free-apps/images/2019/9/98097ab750025b09809b5d7f400b15168086d0974e9f4d7289f8275a2fc46dc7.jpg,4.7,3.9K Ratings
Rope Rescue! - Unique Puzzle,Games,https://apps.apple.com/gb/app/rope-rescue-unique-puzzle/id1474676263?uo=4&v0=WWW-EUUK-ITSTOP100-FREEAPPS&l=en,/autopush/uk/itunes/charts/free-apps/images/2019/9/72e084299bb2b7f3804862ca6cace774919aab9be609e1889fa7edfcec06f173.jpg,4.7,7.1K Ratings
WhatsApp Messenger,Social Networking,https://apps.apple.com/gb/app/whatsapp-messenger/id310633997?uo=4&v0=WWW-EUUK-ITSTOP100-FREEAPPS&l=en,/autopush/uk/itunes/charts/free-apps/images/2019/9/a7ba5486328040d3fe5ba501ff737eba4fad1482c03ffdd2b9aea2a0dc7fe5bd.jpg,4.7,1.6M Ratings
Sand Balls,Games,https://apps.apple.com/gb/app/sand-balls/id1474046667?uo=4&v0=WWW-EUUK-ITSTOP100-FREEAPPS&l=en,/autopush/uk/itunes/charts/free-apps/images/2019/9/417d8e3b70e792daaa3e001924d7847eb31e6deff7206eaf84f78e12025c29aa.jpg,4.5,7.4K Ratings
Collect Cubes,Games,https://apps.apple.com/gb/app/collect-cubes/id1465222322?uo=4&v0=WWW-EUUK-ITSTOP100-FREEAPPS&l=en,/autopush/uk/itunes/charts/free-apps/images/2019/9/06e73c3f74b6750b0e1e0f235415d4882989c61251f38fb919e2d4c57d025dff.jpg,4.5,8.9K Ratings
The Real Juggle,Games,https://apps.apple.com/gb/app/the-real-juggle/id1454567241?uo=4&v0=WWW-EUUK-ITSTOP100-FREEAPPS&l=en,/autopush/uk/itunes/charts/free-apps/images/2019/9/05bff6ad381dc2b829539dff6ad16ed1f526a5cdc3134065df24e5f876f86751.jpg,4.7,5.4K Ratings
Uber Eats: Food Delivery,Food & Drink,https://apps.apple.com/gb/app/uber-eats-food-delivery/id1058959277?uo=4&v0=WWW-EUUK-ITSTOP100-FREEAPPS&l=en,/autopush/uk/itunes/charts/free-apps/images/2019/9/d46049a5de15e5b07c96c55f30270c446a3494916580b15da442070eee0cc3c6.jpg,4.7,173.3K Ratings
